{"Bitcoin": [-0.1321506436531869, 0.7744876441688544], "Elon Musk": [-0.14768478127446685, 0.6766165078185421], "Dogecoin": [-0.09321723785689927, 0.7502805134479826], "Solar City": [-0.17715600910166357, 0.7716456564857375], "Space X": [-0.2129869415861787, 0.7410868726884327], "Tesla": [-0.13697678376769976, 0.49185918888083785], "Apple": [-0.3603015792076592, -0.10090146235262343], "Warren Buffet": [-0.3552128818724273, -0.17846721177504749], "Coca Cola": [-0.33936675991886356, -0.2383009108638456], "American Railcar Industries": [-0.32121316443423115, -0.46873943110661653], "Carl Icahn": [-0.3557111431788112, -0.3753110784894495], "American Real Estate Partners": [-0.37530796376965214, -0.490559633977274], "Blockbuster": [-0.4211030004038853, -0.41759396152434813], "Marvel Comics": [-0.36813704300559597, -0.447968158375119], "Motorola": [-0.29131579281506315, -0.4172320066875115], "Texaco": [-0.42331385198315086, -0.47111805423541325], "Trans World Airlines": [-0.44751866671522506, -0.37128441379680993], "USX": [-0.46104606936789777, -0.43002201779841515], "ViacomCBS": [-0.22075986245582171, -0.5084071496119786], "David Einhorn": [-0.4935588777853909, 0.05431808415415772], "Best Buy": [-0.5351405030493914, -0.024928064253228768], "BP plc": [-0.5714429695225997, 0.0727302929214469], "Chipotle Mexican Grill": [-0.60501820510581, 0.01026824038132302], "Cigna Corporation": [-0.6044745596563599, 0.10617591056475606], "General Motors Co": [-0.5265902829338442, 0.13467033176538842], "Green Mountain Coffee Roasters": [-0.5667533130500909, 0.006209448147926949], "Microsoft": [-0.30767073319992094, 0.16710556336045201], "Seagate Technology": [-0.6158034931152783, 0.05750699013158645], "The St. Joe Company": [-0.5698740281169495, 0.13664609550304999], "Altria Group": [0.9952091287636042, -0.29154940769268367], "George Soros": [0.8949462476351092, -0.26232795413737353], "Amgen": [0.8907867899544514, -0.3492761332634713], "AT&T": [0.8958160954137487, -0.18720538834707628], "Citigroup": [0.959492836484525, -0.18773670233802528], "Ford": [0.9419072065518569, -0.23039748904753635], "Herbalife": [1.0, -0.24541016232359186], "Hilton Hotels": [0.9725860265664948, -0.3274818615822391], "Salomon Brothers": [0.7589666976159204, -0.22256379529953388], "SPDR Gold Trust": [0.8192807927657997, -0.27938322072058286], "Yamana Gold": [0.9378476873323699, -0.3530504308674319], "Anglogold Ashanti Ltd.": [-0.10278417031754467, -0.7196724081396111], "John Paulson": [-0.10258995550323084, -0.6259549728162861], "Detour Gold Corp.": [-0.01953521899695872, -0.6602345437016103], "Extended Stay America Inc.": [-0.04674081416899073, -0.704156401406981], "Alphabet (Google)": [-0.17553001923578507, 0.20522736684631077], "Paul Tudor Jones": [-0.12813238600570842, 0.28726887283174507], "Amazon": [-0.20408252626658338, 0.20849716035096896], "Facebook": [-0.16328882015252663, 0.17917852352184074], "Netflix": [-0.21773514167722824, 0.23472374555094927], "Twitter": [-0.15269517208578537, 0.3757350648321642], "Visa": [-0.09299137830961093, 0.37301778866459373], "Walmart": [0.10465873439066523, 0.2717479671145243], "Zoom Video Communications": [-0.054549242176347074, 0.3313453420840685], "Fannie Mae": [0.35568779728280153, 0.1693583310411882], "Peter Lynch": [0.3287148263087062, 0.25609063971273505], "MBIA Inc.": [0.3723212336840158, 0.3501663607965775], "Pep Boys": [0.3238686193721071, 0.33702419307307696], "Prime Computer": [0.3025418419245464, 0.21012087429667947], "Taco Bell": [0.43139806992234214, 0.21207771229090197], "The Limited": [0.39926397346708575, 0.269668364016424], "Woolworth": [0.3942419410238488, 0.19714219679724984], "Xerox": [0.4412583715965709, 0.27571133283645494], "Yellow Pages": [0.41244327600792724, 0.32448886562194285], "Adobe": [-0.3151935969925827, 0.2033260295549495], "Ray Dalio": [-0.26250440642477985, 0.1137866323879227], "Alibaba Group": [-0.3448507655475258, 0.14018516208904874], "NVIDIA": [-0.2991048596573736, 0.05767917320468135], "Salesforce": [-0.2141225786419173, 0.05205938659424465]}